task_id,task_index,outcome,success,status,error_type,error_message,error_stage,has_generated_code,has_attempts,has_execution,has_tests,has_verification,has_traceback,runtime_ms,timestamp
TASK_00487A65,84,MODEL_SUCCESS,True,,,,,True,True,True,True,True,False,18498,1789475209.05698
TASK_01CF853B,42,MODEL_SUCCESS,True,,,,,True,True,True,True,True,False,11809,1789474503.0030062
TASK_02A5297E,68,MODEL_SUCCESS,True,,,,,True,True,True,True,True,False,9498,1789474950.905629
TASK_07E3AAD9,49,MODEL_SUCCESS,True,,,,,True,True,True,True,True,False,19221,1789474624.2928956
TASK_0DB97680,96,INFRASTRUCTURE_FAILURE,,,TypeError,,,False,False,False,False,False,False,27313,1789475425.744775
TASK_0E25977A,71,MODEL_SUCCESS,True,,,,,True,True,True,True,True,False,12328,1789474992.9214926
TASK_115EF1B7,35,MODEL_SUCCESS,True,,,,,True,True,True,True,True,False,9765,1789474385.3266652
TASK_16D34D22,20,MODEL_SUCCESS,True,,,,,True,True,True,True,True,False,10677,1789474120.652791
TASK_171B092B,37,MODEL_SUCCESS,True,,,,,True,True,True,True,True,False,11858,1789474417.8056912
TASK_18282011,14,MODEL_SUCCESS,True,,,,,True,True,True,True,True,False,10801,1789474020.9464977
TASK_1949AD82,40,MODEL_SUCCESS,True,,,,,True,True,True,True,True,False,10697,1789474473.538461
TASK_1AC7E084,19,INFRASTRUCTURE_FAILURE,,,TypeError,,,False,False,False,False,False,False,28490,1789474109.9114995
TASK_1DA9FFE1,65,MODEL_SUCCESS,True,,,,,True,True,True,True,True,False,12578,1789474895.673652
TASK_1E88EF5E,3,INFRASTRUCTURE_FAILURE,,,TypeError,,,False,False,False,False,False,False,29413,1789473837.489731
TASK_21D2E862,89,MODEL_SUCCESS,True,,,,,True,True,True,True,True,False,14660,1789475292.1842752
TASK_22EF6E15,43,MODEL_SUCCESS,True,,,,,True,True,True,True,True,False,18083,1789474521.140348
TASK_24351ED5,25,MODEL_SUCCESS,True,,,,,True,True,True,True,True,False,10607,1789474211.0550985
TASK_248A149E,1,MODEL_SUCCESS,True,,,,,True,True,True,True,True,False,12082,1789473789.239438
TASK_26E9FDB3,70,MODEL_SUCCESS,True,,,,,True,True,True,True,True,False,11267,1789474980.5337408
TASK_29DC986C,75,MODEL_SUCCESS,True,,,,,True,True,True,True,True,False,17920,1789475067.2645895
TASK_2A60D1B1,79,INFRASTRUCTURE_FAILURE,,,TypeError,,,False,False,False,False,False,False,26560,1789475136.9675584
TASK_2B6D2849,5,MODEL_SUCCESS,True,,,,,True,True,True,True,True,False,18288,1789473865.9486208
TASK_2BECF080,51,MODEL_SUCCESS,True,,,,,True,True,True,True,True,False,9896,1789474662.453281
TASK_343500D2,6,MODEL_SUCCESS,True,,,,,True,True,True,True,True,False,11822,1789473877.8255284
TASK_34E90ED9,55,INFRASTRUCTURE_FAILURE,,,TypeError,,,False,False,False,False,False,False,28278,1789474739.3317657
TASK_37352093,78,MODEL_SUCCESS,True,,,,,True,True,True,True,True,False,18338,1789475110.3544607
TASK_3CA90906,93,INFRASTRUCTURE_FAILURE,,,TypeError,,,False,False,False,False,False,False,20044,1789475368.6107574
TASK_43200D99,83,MODEL_SUCCESS,True,,,,,True,True,True,True,True,False,13007,1789475190.4986863
TASK_435DA3AE,44,INFRASTRUCTURE_FAILURE,,,TypeError,,,False,False,False,False,False,False,28514,1789474549.7094574
TASK_43D5CB16,60,MODEL_SUCCESS,True,,,,,True,True,True,True,True,False,18207,1789474812.5685961
TASK_44FC1C51,54,MODEL_SUCCESS,True,,,,,True,True,True,True,True,False,18380,1789474710.9742484
TASK_46D3F670,94,MODEL_SUCCESS,True,,,,,True,True,True,True,True,False,10825,1789475379.54296
TASK_46FE7E87,58,MODEL_SUCCESS,True,,,,,True,True,True,True,True,False,11869,1789474781.4337897
TASK_492A6DB5,36,INFRASTRUCTURE_FAILURE,,,TypeError,,,False,False,False,False,False,False,20491,1789474405.8702111
TASK_495776C1,63,INFRASTRUCTURE_FAILURE,,,TypeError,,,False,False,False,False,False,False,20332,1789474871.9183912
TASK_4DD4E728,82,MODEL_SUCCESS,True,,,,,True,True,True,True,True,False,12081,1789475177.3985465
TASK_4F646FFF,81,MODEL_SUCCESS,True,,,,,True,True,True,True,True,False,17264,1789475165.2645175
TASK_4FC2042B,77,MODEL_SUCCESS,True,,,,,True,True,True,True,True,False,12544,1789475091.9525158
TASK_50B0F89F,50,INFRASTRUCTURE_FAILURE,,,TypeError,,,False,False,False,False,False,False,28147,1789474652.4997485
TASK_527A01D3,13,INFRASTRUCTURE_FAILURE,,,TypeError,,,False,False,False,False,False,False,28304,1789474010.0917919
TASK_52F6CB07,91,INFRASTRUCTURE_FAILURE,,,TypeError,,,False,False,False,False,False,False,27376,1789475337.9954076
TASK_53CB0778,15,MODEL_SUCCESS,True,,,,,True,True,True,True,True,False,17120,1789474038.1168494
TASK_55A55247,21,INFRASTRUCTURE_FAILURE,,,TypeError,,,False,False,False,False,False,False,20882,1789474141.597123
TASK_58D4007C,56,MODEL_SUCCESS,True,,,,,True,True,True,True,True,False,10637,1789474750.0232625
TASK_5A10345D,4,MODEL_SUCCESS,True,,,,,True,True,True,True,True,False,10009,1789473847.5808957
TASK_5A9419BC,16,MODEL_SUCCESS,True,,,,,True,True,True,True,True,False,11939,1789474050.1364498
TASK_5C5F2013,7,MODEL_SUCCESS,True,,,,,True,True,True,True,True,False,18223,1789473896.109029
TASK_602420FB,28,MODEL_SUCCESS,True,,,,,True,True,True,True,True,False,18400,1789474259.0703824
TASK_61DE3671,57,INFRASTRUCTURE_FAILURE,,,TypeError,,,False,False,False,False,False,False,19373,1789474769.4783063
TASK_61ECFD6A,61,INFRASTRUCTURE_FAILURE,,,TypeError,,,False,False,False,False,False,False,28097,1789474840.7452443
TASK_64497C8C,85,INFRASTRUCTURE_FAILURE,,,TypeError,,,False,False,False,False,False,False,28367,1789475237.481347
TASK_69A14E63,18,MODEL_SUCCESS,True,,,,,True,True,True,True,True,False,18102,1789474081.3467073
TASK_6D787E00,11,MODEL_SUCCESS,True,,,,,True,True,True,True,True,False,11933,1789473963.4702318
TASK_71B9E063,73,INFRASTRUCTURE_FAILURE,,,TypeError,,,False,False,False,False,False,False,26931,1789475038.9827094
TASK_761B7D7E,29,INFRASTRUCTURE_FAILURE,,,TypeError,,,False,False,False,False,False,False,28440,1789474287.563978
TASK_77C30EA5,98,MODEL_SUCCESS,True,,,,,True,True,True,True,True,False,17634,1789475453.8130312
TASK_78F9D7AB,10,MODEL_SUCCESS,True,,,,,True,True,True,True,True,False,17337,1789473951.4848752
TASK_7AE983CC,31,MODEL_SUCCESS,True,,,,,True,True,True,True,True,False,17594,1789474316.0440152
TASK_7C30D0A1,24,INFRASTRUCTURE_FAILURE,,,TypeError,,,False,False,False,False,False,False,27025,1789474198.9733622
TASK_7D2AAE3E,90,MODEL_SUCCESS,True,,,,,True,True,True,True,True,False,18317,1789475310.5617244
TASK_803EEF67,100,MODEL_SUCCESS,True,,,,,True,True,True,True,True,False,12337,1789475477.9471412
TASK_86ABF08F,64,MODEL_SUCCESS,True,,,,,True,True,True,True,True,False,11000,1789474883.0309405
TASK_88179AD5,38,MODEL_SUCCESS,True,,,,,True,True,True,True,True,False,18151,1789474436.0101435
TASK_8CAFAF3C,76,MODEL_SUCCESS,True,,,,,True,True,True,True,True,False,11974,1789475079.3224053
TASK_8CCE471D,22,MODEL_SUCCESS,True,,,,,True,True,True,True,True,False,11591,1789474153.2707663
TASK_8E0AE6BB,9,MODEL_SUCCESS,True,,,,,True,True,True,True,True,False,10998,1789473934.0934324
TASK_8E25E875,33,MODEL_SUCCESS,True,,,,,True,True,True,True,True,False,19028,1789474347.0830784
TASK_8FC95909,67,INFRASTRUCTURE_FAILURE,,,TypeError,,,False,False,False,False,False,False,26455,1789474941.3470683
TASK_92164E2D,62,MODEL_SUCCESS,True,,,,,True,True,True,True,True,False,10699,1789474851.5327063
TASK_96161F4B,34,INFRASTRUCTURE_FAILURE,,,TypeError,,,False,False,False,False,False,False,28201,1789474375.345751
TASK_995A9CD2,53,MODEL_SUCCESS,True,,,,,True,True,True,True,True,False,11621,1789474692.513791
TASK_996BE834,41,MODEL_SUCCESS,True,,,,,True,True,True,True,True,False,17497,1789474491.0891843
TASK_9A262A5F,99,MODEL_SUCCESS,True,,,,,True,True,True,True,True,False,11656,1789475465.5250833
TASK_A076C74B,26,MODEL_SUCCESS,True,,,,,True,True,True,True,True,False,17498,1789474228.6049318
TASK_ABC07B11,59,MODEL_SUCCESS,True,,,,,True,True,True,True,True,False,12818,1789474794.3082085
TASK_AC1D1EC0,12,MODEL_SUCCESS,True,,,,,True,True,True,True,True,False,18187,1789473981.7116115
TASK_ACCDEA61,74,MODEL_SUCCESS,True,,,,,True,True,True,True,True,False,10211,1789475049.2471957
TASK_B1315198,86,MODEL_SUCCESS,True,,,,,True,True,True,True,True,False,10590,1789475248.1592638
TASK_B8A15ABC,80,MODEL_SUCCESS,True,,,,,True,True,True,True,True,False,10835,1789475147.881736
TASK_BC89315E,39,INFRASTRUCTURE_FAILURE,,,TypeError,,,False,False,False,False,False,False,26667,1789474462.7598004
TASK_BDCCF2EB,66,MODEL_SUCCESS,True,,,,,True,True,True,True,True,False,19085,1789474914.8137026
TASK_C305BDB3,47,MODEL_SUCCESS,True,,,,,True,True,True,True,True,False,11382,1789474592.1461704
TASK_C3E37906,32,MODEL_SUCCESS,True,,,,,True,True,True,True,True,False,11905,1789474328.0026388
TASK_C4A8AE96,2,MODEL_SUCCESS,True,,,,,True,True,True,True,True,False,18699,1789473808.02156
TASK_C615FC35,48,MODEL_SUCCESS,True,,,,,True,True,True,True,True,False,12820,1789474605.0183592
TASK_D027C3B7,87,MODEL_SUCCESS,True,,,,,True,True,True,True,True,False,17360,1789475265.5735343
TASK_D63646F1,72,MODEL_SUCCESS,True,,,,,True,True,True,True,True,False,18978,1789475011.9921348
TASK_D6757592,27,MODEL_SUCCESS,True,,,,,True,True,True,True,True,False,11941,1789474240.6164367
TASK_DA1469C8,97,MODEL_SUCCESS,True,,,,,True,True,True,True,True,False,10318,1789475436.1170192
TASK_DA87DDDF,95,MODEL_SUCCESS,True,,,,,True,True,True,True,True,False,18766,1789475398.3757248
TASK_DAE61E15,45,MODEL_SUCCESS,True,,,,,True,True,True,True,True,False,10931,1789474560.7041874
TASK_E4D12ED6,69,MODEL_SUCCESS,True,,,,,True,True,True,True,True,False,18217,1789474969.1837223
TASK_E6E16446,30,MODEL_SUCCESS,True,,,,,True,True,True,True,True,False,10744,1789474298.361823
TASK_E86381A6,46,INFRASTRUCTURE_FAILURE,,,TypeError,,,False,False,False,False,False,False,19850,1789474580.6684678
TASK_F4CD3BEC,23,MODEL_SUCCESS,True,,,,,True,True,True,True,True,False,18528,1789474171.8613126
TASK_F69F485C,92,MODEL_SUCCESS,True,,,,,True,True,True,True,True,False,10431,1789475348.5137987
TASK_F8BC87BE,88,MODEL_SUCCESS,True,,,,,True,True,True,True,True,False,11796,1789475277.4671588
TASK_FB475E1F,8,INFRASTRUCTURE_FAILURE,,,TypeError,,,False,False,False,False,False,False,26876,1789473923.0387034
TASK_FE335544,52,MODEL_SUCCESS,True,,,,,True,True,True,True,True,False,18289,1789474680.808651
TASK_FEE64E00,17,MODEL_SUCCESS,True,,,,,True,True,True,True,True,False,12997,1789474063.1871476
