experiment,file,sha256,size_bytes
MODE_A_BASELINE,experiments\LITE_CODER_100TASK_MODE_A_BASELINE\checkpoint.json,9016c11bf9bc43680bc41ff6f58f9a65d527fe04d33ecb6d6e2373130675dccd,115946
MODE_A_BASELINE,experiments\LITE_CODER_100TASK_MODE_A_BASELINE\experiment_manifest.json,54a38e0eb6e77909b89d21214a8ae90501b48c8acd71642c6201706bb1871b9c,1208
MODE_A_BASELINE,experiments\LITE_CODER_100TASK_MODE_A_BASELINE\feedback.json,34b206f774fdc4ddb69388b7728bac1451e16ae49959e8c5e632b7a1e0104156,663648
MODE_A_BASELINE,experiments\LITE_CODER_100TASK_MODE_A_BASELINE\metrics.json,dee42fc2754fa1b6d278bd6c5df7beee9bd4678b3213dd46af8ea759274b500b,805
MODE_A_CLEAN_V1,experiments\LITE_CODER_100TASK_MODE_A_CLEAN_V1\checkpoint.json,aa6235a293daebca0435eb5a650ef5648aeef30017b9daa4c8df6d67b15e83b4,16939
MODE_A_CLEAN_V1,experiments\LITE_CODER_100TASK_MODE_A_CLEAN_V1\experiment_manifest.json,16446250c7e69ff53c7848e01cf550d63c1b6a540d69b96bca013d70c355d11b,1262
MODE_A_CLEAN_V1,experiments\LITE_CODER_100TASK_MODE_A_CLEAN_V1\feedback.json,77a19dcce02960474af8e9908cc0873798051dc21f5f43845e067f287dbd618c,72701
MODE_D,experiments\LITE_CODER_100TASK_MODE_D\checkpoint.json,39b0c60dffeec75d7f0652243fc80cb916c53aca72889d2c3e925b02b73d4d27,100839
MODE_D,experiments\LITE_CODER_100TASK_MODE_D\experiment_manifest.json,2ed71e7f10fbdbb82f500d4e212394792b7ffa06bc3de17f9e45f6824ad96ccf,1193
MODE_D,experiments\LITE_CODER_100TASK_MODE_D\feedback.json,b90a05d1b63829fbe04ab65c0030d5d500619e5d3b0d998832a1ec28b587d482,586298
MODE_D,experiments\LITE_CODER_100TASK_MODE_D\metrics.json,ec81eeddefedbe7d7f54075728e58a5652a9b6bd8c6fb782db0b9fde016dda51,782
MODE_F,experiments\LITE_CODER_100TASK_MODE_F\checkpoint.json,07e640e962a8b3861c6999cc7a20699a8bad33b75d534aab4ab4f00ab135f978,100743
MODE_F,experiments\LITE_CODER_100TASK_MODE_F\experiment_manifest.json,ac31a6bbe2cf994d7647bb9fd30b63be2a399b80ba69f703d3ea8e2165de0856,1190
MODE_F,experiments\LITE_CODER_100TASK_MODE_F\feedback.json,43eba8d0bbc0c8dc00332f322ebdf06eda42b6aa548ff4fe5111e081fcfc4efb,572575
MODE_F,experiments\LITE_CODER_100TASK_MODE_F\metrics.json,e0c86176d95b8a922b75a22a971a4031f428c03708487837d0435f43a3812d0c,781
