task_id,MODE_A_attempts,MODE_D_attempts,MODE_F_attempts,MODE_A_success,MODE_D_success,MODE_F_success,A_minus_D,A_minus_F,D_minus_F
TASK_00487A65,1,1,1,True,True,True,0,0,0
TASK_01CF853B,1,1,1,True,True,True,0,0,0
TASK_02A5297E,1,1,1,True,True,True,0,0,0
TASK_07E3AAD9,1,1,1,True,True,True,0,0,0
TASK_0DB97680,4,2,2,True,True,True,2,2,0
TASK_0E25977A,1,1,1,True,True,True,0,0,0
TASK_115EF1B7,1,1,1,True,True,True,0,0,0
TASK_16D34D22,1,1,1,True,True,True,0,0,0
TASK_171B092B,1,1,1,True,True,True,0,0,0
TASK_18282011,1,1,1,True,True,True,0,0,0
TASK_1949AD82,1,1,1,True,True,True,0,0,0
TASK_1AC7E084,4,2,2,True,True,True,2,2,0
TASK_1DA9FFE1,1,1,1,True,True,True,0,0,0
TASK_1E88EF5E,4,4,4,True,True,True,0,0,0
TASK_21D2E862,1,1,1,True,True,True,0,0,0
TASK_22EF6E15,1,1,1,True,True,True,0,0,0
TASK_24351ED5,1,1,1,True,True,True,0,0,0
TASK_248A149E,1,1,1,True,True,True,0,0,0
TASK_26E9FDB3,1,1,1,True,True,True,0,0,0
TASK_29DC986C,1,1,1,True,True,True,0,0,0
TASK_2A60D1B1,4,2,2,True,True,True,2,2,0
TASK_2B6D2849,1,1,1,True,True,True,0,0,0
TASK_2BECF080,1,1,1,True,True,True,0,0,0
TASK_343500D2,1,1,1,True,True,True,0,0,0
TASK_34E90ED9,4,2,2,True,True,True,2,2,0
TASK_37352093,1,1,1,True,True,True,0,0,0
TASK_3CA90906,2,2,2,True,True,True,0,0,0
TASK_43200D99,1,1,1,True,True,True,0,0,0
TASK_435DA3AE,4,2,2,True,True,True,2,2,0
TASK_43D5CB16,1,1,1,True,True,True,0,0,0
TASK_44FC1C51,1,1,1,True,True,True,0,0,0
TASK_46D3F670,1,1,1,True,True,True,0,0,0
TASK_46FE7E87,1,1,1,True,True,True,0,0,0
TASK_492A6DB5,2,2,2,True,True,True,0,0,0
TASK_495776C1,2,2,2,True,True,True,0,0,0
TASK_4DD4E728,1,1,1,True,True,True,0,0,0
TASK_4F646FFF,1,1,1,True,True,True,0,0,0
TASK_4FC2042B,1,1,1,True,True,True,0,0,0
TASK_50B0F89F,4,2,2,True,True,True,2,2,0
TASK_527A01D3,4,2,2,True,True,True,2,2,0
TASK_52F6CB07,4,2,2,True,True,True,2,2,0
TASK_53CB0778,1,1,1,True,True,True,0,0,0
TASK_55A55247,2,2,2,True,True,True,0,0,0
TASK_58D4007C,1,1,1,True,True,True,0,0,0
TASK_5A10345D,1,1,1,True,True,True,0,0,0
TASK_5A9419BC,1,1,1,True,True,True,0,0,0
TASK_5C5F2013,1,1,1,True,True,True,0,0,0
TASK_602420FB,1,1,1,True,True,True,0,0,0
TASK_61DE3671,2,2,2,True,True,True,0,0,0
TASK_61ECFD6A,4,2,2,True,True,True,2,2,0
TASK_64497C8C,3,2,2,True,True,True,1,1,0
TASK_69A14E63,1,1,1,True,True,True,0,0,0
TASK_6D787E00,1,1,1,True,True,True,0,0,0
TASK_71B9E063,4,2,2,True,True,True,2,2,0
TASK_761B7D7E,4,2,2,True,True,True,2,2,0
TASK_77C30EA5,1,1,1,True,True,True,0,0,0
TASK_78F9D7AB,1,1,1,True,True,True,0,0,0
TASK_7AE983CC,1,1,1,True,True,True,0,0,0
TASK_7C30D0A1,3,2,2,True,True,True,1,1,0
TASK_7D2AAE3E,1,1,1,True,True,True,0,0,0
TASK_803EEF67,1,1,1,True,True,True,0,0,0
TASK_86ABF08F,1,1,1,True,True,True,0,0,0
TASK_88179AD5,1,1,1,True,True,True,0,0,0
TASK_8CAFAF3C,1,1,1,True,True,True,0,0,0
TASK_8CCE471D,1,1,1,True,True,True,0,0,0
TASK_8E0AE6BB,1,1,1,True,True,True,0,0,0
TASK_8E25E875,1,1,1,True,True,True,0,0,0
TASK_8FC95909,4,2,2,True,True,True,2,2,0
TASK_92164E2D,1,1,1,True,True,True,0,0,0
TASK_96161F4B,4,2,2,True,True,True,2,2,0
TASK_995A9CD2,1,1,1,True,True,True,0,0,0
TASK_996BE834,1,1,1,True,True,True,0,0,0
TASK_9A262A5F,1,1,1,True,True,True,0,0,0
TASK_A076C74B,1,1,1,True,True,True,0,0,0
TASK_ABC07B11,1,1,1,True,True,True,0,0,0
TASK_AC1D1EC0,1,1,1,True,True,True,0,0,0
TASK_ACCDEA61,1,1,1,True,True,True,0,0,0
TASK_B1315198,1,1,1,True,True,True,0,0,0
TASK_B8A15ABC,1,1,1,True,True,True,0,0,0
TASK_BC89315E,4,2,2,True,True,True,2,2,0
TASK_BDCCF2EB,1,1,1,True,True,True,0,0,0
TASK_C305BDB3,1,1,1,True,True,True,0,0,0
TASK_C3E37906,1,1,1,True,True,True,0,0,0
TASK_C4A8AE96,1,1,1,True,True,True,0,0,0
TASK_C615FC35,1,1,1,True,True,True,0,0,0
TASK_D027C3B7,1,1,1,True,True,True,0,0,0
TASK_D63646F1,1,1,1,True,True,True,0,0,0
TASK_D6757592,1,1,1,True,True,True,0,0,0
TASK_DA1469C8,1,1,1,True,True,True,0,0,0
TASK_DA87DDDF,1,1,1,True,True,True,0,0,0
TASK_DAE61E15,1,1,1,True,True,True,0,0,0
TASK_E4D12ED6,1,1,1,True,True,True,0,0,0
TASK_E6E16446,1,1,1,True,True,True,0,0,0
TASK_E86381A6,2,2,2,True,True,True,0,0,0
TASK_F4CD3BEC,1,1,1,True,True,True,0,0,0
TASK_F69F485C,1,1,1,True,True,True,0,0,0
TASK_F8BC87BE,1,1,1,True,True,True,0,0,0
TASK_FB475E1F,4,2,2,True,True,True,2,2,0
TASK_FE335544,1,1,1,True,True,True,0,0,0
TASK_FEE64E00,1,1,1,True,True,True,0,0,0
