task_index,task_id,mode_a_success,mode_a_attempts,mode_d_success,mode_d_attempts,mode_f_orig_success,mode_f_orig_attempts,mode_f_trained_success,mode_f_trained_attempts,mode_f_trained_adapter,mode_f_safe_success,mode_f_safe_attempts,mode_f_safe_adapter
1,TASK_248A149E,True,1,True,1,True,1,True,1,,True,1,
2,TASK_C4A8AE96,True,1,True,1,True,1,True,1,,True,1,
3,TASK_1E88EF5E,True,4,True,4,True,4,True,4,,True,4,
4,TASK_5A10345D,True,1,True,1,True,1,True,1,,True,1,
5,TASK_2B6D2849,True,1,True,1,True,1,True,1,,True,1,
6,TASK_343500D2,True,1,True,1,True,1,True,1,,True,1,
7,TASK_5C5F2013,True,1,True,1,True,1,True,1,,True,1,
8,TASK_FB475E1F,True,4,True,2,True,2,True,2,,True,2,
9,TASK_8E0AE6BB,True,1,True,1,True,1,True,1,,True,1,
10,TASK_78F9D7AB,True,1,True,1,True,1,True,1,,True,1,
11,TASK_6D787E00,True,1,True,1,True,1,True,1,,True,1,
12,TASK_AC1D1EC0,True,1,True,1,True,1,True,1,,True,1,
13,TASK_527A01D3,True,4,True,2,True,2,True,2,,True,2,
14,TASK_18282011,True,1,True,1,True,1,True,1,,True,1,
15,TASK_53CB0778,True,1,True,1,True,1,True,1,,True,1,
16,TASK_5A9419BC,True,1,True,1,True,1,True,1,,True,1,
17,TASK_FEE64E00,True,1,True,1,True,1,True,1,,True,1,
18,TASK_69A14E63,True,1,True,1,True,1,True,1,,True,1,
19,TASK_1AC7E084,True,4,True,2,True,2,True,2,,True,2,
20,TASK_16D34D22,True,1,True,1,True,1,True,1,,True,1,
21,TASK_55A55247,True,2,True,2,True,2,True,2,,True,2,
22,TASK_8CCE471D,True,1,True,1,True,1,True,1,,True,1,
23,TASK_F4CD3BEC,True,1,True,1,True,1,True,1,,True,1,
24,TASK_7C30D0A1,True,3,True,2,True,2,True,2,,True,2,
25,TASK_24351ED5,True,1,True,1,True,1,True,1,,True,1,
26,TASK_A076C74B,True,1,True,1,True,1,True,1,,True,1,
27,TASK_D6757592,True,1,True,1,True,1,True,1,,True,1,
28,TASK_602420FB,True,1,True,1,True,1,True,1,,True,1,
29,TASK_761B7D7E,True,4,True,2,True,2,True,2,,True,2,
30,TASK_E6E16446,True,1,True,1,True,1,True,1,,True,1,
31,TASK_7AE983CC,True,1,True,1,True,1,True,1,,True,1,
32,TASK_C3E37906,True,1,True,1,True,1,True,1,,True,1,
33,TASK_8E25E875,True,1,True,1,True,1,True,1,,True,1,
34,TASK_96161F4B,True,4,True,2,True,2,True,2,,True,2,
35,TASK_115EF1B7,True,1,True,1,True,1,True,1,,True,1,
36,TASK_492A6DB5,True,2,True,2,True,2,True,2,,True,2,
37,TASK_171B092B,True,1,True,1,True,1,True,1,,True,1,
38,TASK_88179AD5,True,1,True,1,True,1,True,1,adapter_v1_1790247818,True,1,
39,TASK_BC89315E,True,4,True,2,True,2,True,1,adapter_v1_1790247818,True,2,
40,TASK_1949AD82,True,1,True,1,True,1,True,1,adapter_v1_1790247818,True,1,
41,TASK_996BE834,True,1,True,1,True,1,True,1,adapter_v1_1790247818,True,1,
42,TASK_01CF853B,True,1,True,1,True,1,True,1,adapter_v1_1790247818,True,1,
43,TASK_22EF6E15,True,1,True,1,True,1,True,1,adapter_v1_1790247818,True,1,
44,TASK_435DA3AE,True,4,True,2,True,2,True,1,adapter_v1_1790247818,True,2,
45,TASK_DAE61E15,True,1,True,1,True,1,True,1,adapter_v1_1790247818,True,1,
46,TASK_E86381A6,True,2,True,2,True,2,True,2,adapter_v1_1790247818,True,2,
47,TASK_C305BDB3,True,1,True,1,True,1,True,1,adapter_v1_1790247818,True,1,
48,TASK_C615FC35,True,1,True,1,True,1,False,0,adapter_v1_1790247818,True,1,
49,TASK_07E3AAD9,True,1,True,1,True,1,True,1,adapter_v1_1790247818,True,1,
50,TASK_50B0F89F,True,4,True,2,True,2,True,1,adapter_v1_1790247818,True,2,
51,TASK_2BECF080,True,1,True,1,True,1,True,1,adapter_v1_1790247818,True,1,
52,TASK_FE335544,True,1,True,1,True,1,True,1,adapter_v1_1790247818,True,1,
53,TASK_995A9CD2,True,1,True,1,True,1,True,1,adapter_v1_1790247818,True,1,
54,TASK_44FC1C51,True,1,True,1,True,1,True,1,adapter_v1_1790247818,True,1,
55,TASK_34E90ED9,True,4,True,2,True,2,True,1,adapter_v1_1790247818,True,2,
56,TASK_58D4007C,True,1,True,1,True,1,True,1,adapter_v1_1790247818,True,1,
57,TASK_61DE3671,True,2,True,2,True,2,True,2,adapter_v1_1790247818,True,2,
58,TASK_46FE7E87,True,1,True,1,True,1,True,1,adapter_v1_1790247818,True,1,
59,TASK_ABC07B11,True,1,True,1,True,1,False,0,adapter_v1_1790247818,True,1,
60,TASK_43D5CB16,True,1,True,1,True,1,True,1,adapter_v1_1790247818,True,1,
61,TASK_61ECFD6A,True,4,True,2,True,2,True,1,adapter_v1_1790247818,True,2,
62,TASK_92164E2D,True,1,True,1,True,1,True,1,adapter_v1_1790247818,True,1,
63,TASK_495776C1,True,2,True,2,True,2,True,2,adapter_v1_1790247818,True,2,
64,TASK_86ABF08F,True,1,True,1,True,1,True,1,adapter_v1_1790247818,True,1,
65,TASK_1DA9FFE1,True,1,True,1,True,1,False,0,adapter_v1_1790247818,True,1,
66,TASK_BDCCF2EB,True,1,True,1,True,1,True,1,adapter_v1_1790247818,True,1,
67,TASK_8FC95909,True,4,True,2,True,2,True,1,adapter_v1_1790247818,True,2,
68,TASK_02A5297E,True,1,True,1,True,1,True,1,adapter_v1_1790247818,True,1,
69,TASK_E4D12ED6,True,1,True,1,True,1,True,1,adapter_v1_1790247818,True,1,
70,TASK_26E9FDB3,True,1,True,1,True,1,True,1,adapter_v1_1790247818,True,1,
71,TASK_0E25977A,True,1,True,1,True,1,False,0,adapter_v1_1790247818,True,1,
72,TASK_D63646F1,True,1,True,1,True,1,True,1,adapter_v1_1790247818,True,1,
73,TASK_71B9E063,True,4,True,2,True,2,True,1,adapter_v1_1790247818,True,2,
74,TASK_ACCDEA61,True,1,True,1,True,1,True,1,adapter_v1_1790247818,True,1,
75,TASK_29DC986C,True,1,True,1,True,1,True,1,adapter_v1_1790247818,True,1,
76,TASK_8CAFAF3C,True,1,True,1,True,1,True,1,adapter_v1_1790247818,True,1,
77,TASK_4FC2042B,True,1,True,1,True,1,False,0,adapter_v1_1790247818,True,1,
78,TASK_37352093,True,1,True,1,True,1,True,1,adapter_v1_1790247818,True,1,
79,TASK_2A60D1B1,True,4,True,2,True,2,True,1,adapter_v1_1790247818,True,2,
80,TASK_B8A15ABC,True,1,True,1,True,1,True,1,adapter_v1_1790247818,True,1,
81,TASK_4F646FFF,True,1,True,1,True,1,True,1,adapter_v1_1790247818,True,1,
82,TASK_4DD4E728,True,1,True,1,True,1,True,1,adapter_v1_1790247818,True,1,
83,TASK_43200D99,True,1,True,1,True,1,False,0,adapter_v1_1790247818,True,1,
84,TASK_00487A65,True,1,True,1,True,1,True,1,adapter_v1_1790247818,True,1,
85,TASK_64497C8C,True,3,True,2,True,2,True,1,adapter_v1_1790247818,True,2,
86,TASK_B1315198,True,1,True,1,True,1,True,1,adapter_v1_1790247818,True,1,
87,TASK_D027C3B7,True,1,True,1,True,1,True,1,adapter_v1_1790247818,True,1,
88,TASK_F8BC87BE,True,1,True,1,True,1,True,1,adapter_v1_1790247818,True,1,
89,TASK_21D2E862,True,1,True,1,True,1,False,0,adapter_v1_1790247818,True,1,
90,TASK_7D2AAE3E,True,1,True,1,True,1,True,1,adapter_v1_1790247818,True,1,
91,TASK_52F6CB07,True,4,True,2,True,2,True,1,adapter_v1_1790247818,True,2,
92,TASK_F69F485C,True,1,True,1,True,1,True,1,adapter_v1_1790247818,True,1,
93,TASK_3CA90906,True,2,True,2,True,2,True,2,,True,2,
94,TASK_46D3F670,True,1,True,1,True,1,True,1,,True,1,
95,TASK_DA87DDDF,True,1,True,1,True,1,True,1,adapter_v2_1790248884,True,1,
96,TASK_0DB97680,True,4,True,2,True,2,True,1,adapter_v2_1790248884,True,2,
97,TASK_DA1469C8,True,1,True,1,True,1,True,1,adapter_v2_1790248884,True,1,
98,TASK_77C30EA5,True,1,True,1,True,1,False,0,adapter_v2_1790248884,True,1,
99,TASK_9A262A5F,True,1,True,1,True,1,True,1,adapter_v2_1790248884,True,1,
100,TASK_803EEF67,True,1,True,1,True,1,True,1,adapter_v2_1790248884,True,1,
