task_id,mode_a_success,mode_d_success,mode_f_success,mode_a_attempts,mode_d_attempts,mode_f_attempts,mode_f_adapter_version,mode_f_active_adapter_id
TASK_248A149E,True,True,True,1,1,1,,
TASK_C4A8AE96,True,True,True,1,1,1,,
TASK_1E88EF5E,True,True,True,4,4,4,,
TASK_5A10345D,True,True,True,1,1,1,,
TASK_2B6D2849,True,True,True,1,1,1,,
TASK_343500D2,True,True,True,1,1,1,,
TASK_5C5F2013,True,True,True,1,1,1,,
TASK_FB475E1F,True,True,True,4,2,2,,
TASK_8E0AE6BB,True,True,True,1,1,1,,
TASK_78F9D7AB,True,True,True,1,1,1,,
TASK_6D787E00,True,True,True,1,1,1,,
TASK_AC1D1EC0,True,True,True,1,1,1,,
TASK_527A01D3,True,True,True,4,2,2,,
TASK_18282011,True,True,True,1,1,1,,
TASK_53CB0778,True,True,True,1,1,1,,
TASK_5A9419BC,True,True,True,1,1,1,,
TASK_FEE64E00,True,True,True,1,1,1,,
TASK_69A14E63,True,True,True,1,1,1,,
TASK_1AC7E084,True,True,True,4,2,2,,
TASK_16D34D22,True,True,True,1,1,1,,
TASK_55A55247,True,True,True,2,2,2,,
TASK_8CCE471D,True,True,True,1,1,1,,
TASK_F4CD3BEC,True,True,True,1,1,1,,
TASK_7C30D0A1,True,True,True,3,2,2,,
TASK_24351ED5,True,True,True,1,1,1,,
TASK_A076C74B,True,True,True,1,1,1,,
TASK_D6757592,True,True,True,1,1,1,,
TASK_602420FB,True,True,True,1,1,1,,
TASK_761B7D7E,True,True,True,4,2,2,,
TASK_E6E16446,True,True,True,1,1,1,,
TASK_7AE983CC,True,True,True,1,1,1,,
TASK_C3E37906,True,True,True,1,1,1,,
TASK_8E25E875,True,True,True,1,1,1,,
TASK_96161F4B,True,True,True,4,2,2,,
TASK_115EF1B7,True,True,True,1,1,1,,
TASK_492A6DB5,True,True,True,2,2,2,,
TASK_171B092B,True,True,True,1,1,1,,
TASK_88179AD5,True,True,True,1,1,1,adapter_v1_1790247818,adapter_v1_1790247818
TASK_BC89315E,True,True,True,4,2,1,adapter_v1_1790247818,adapter_v1_1790247818
TASK_1949AD82,True,True,True,1,1,1,adapter_v1_1790247818,adapter_v1_1790247818
TASK_996BE834,True,True,True,1,1,1,adapter_v1_1790247818,adapter_v1_1790247818
TASK_01CF853B,True,True,True,1,1,1,adapter_v1_1790247818,adapter_v1_1790247818
TASK_22EF6E15,True,True,True,1,1,1,adapter_v1_1790247818,adapter_v1_1790247818
TASK_435DA3AE,True,True,True,4,2,1,adapter_v1_1790247818,adapter_v1_1790247818
TASK_DAE61E15,True,True,True,1,1,1,adapter_v1_1790247818,adapter_v1_1790247818
TASK_E86381A6,True,True,True,2,2,2,adapter_v1_1790247818,adapter_v1_1790247818
TASK_C305BDB3,True,True,True,1,1,1,adapter_v1_1790247818,adapter_v1_1790247818
TASK_C615FC35,True,True,False,1,1,0,adapter_v1_1790247818,adapter_v1_1790247818
TASK_07E3AAD9,True,True,True,1,1,1,adapter_v1_1790247818,adapter_v1_1790247818
TASK_50B0F89F,True,True,True,4,2,1,adapter_v1_1790247818,adapter_v1_1790247818
TASK_2BECF080,True,True,True,1,1,1,adapter_v1_1790247818,adapter_v1_1790247818
TASK_FE335544,True,True,True,1,1,1,adapter_v1_1790247818,adapter_v1_1790247818
TASK_995A9CD2,True,True,True,1,1,1,adapter_v1_1790247818,adapter_v1_1790247818
TASK_44FC1C51,True,True,True,1,1,1,adapter_v1_1790247818,adapter_v1_1790247818
TASK_34E90ED9,True,True,True,4,2,1,adapter_v1_1790247818,adapter_v1_1790247818
TASK_58D4007C,True,True,True,1,1,1,adapter_v1_1790247818,adapter_v1_1790247818
TASK_61DE3671,True,True,True,2,2,2,adapter_v1_1790247818,adapter_v1_1790247818
TASK_46FE7E87,True,True,True,1,1,1,adapter_v1_1790247818,adapter_v1_1790247818
TASK_ABC07B11,True,True,False,1,1,0,adapter_v1_1790247818,adapter_v1_1790247818
TASK_43D5CB16,True,True,True,1,1,1,adapter_v1_1790247818,adapter_v1_1790247818
TASK_61ECFD6A,True,True,True,4,2,1,adapter_v1_1790247818,adapter_v1_1790247818
TASK_92164E2D,True,True,True,1,1,1,adapter_v1_1790247818,adapter_v1_1790247818
TASK_495776C1,True,True,True,2,2,2,adapter_v1_1790247818,adapter_v1_1790247818
TASK_86ABF08F,True,True,True,1,1,1,adapter_v1_1790247818,adapter_v1_1790247818
TASK_1DA9FFE1,True,True,False,1,1,0,adapter_v1_1790247818,adapter_v1_1790247818
TASK_BDCCF2EB,True,True,True,1,1,1,adapter_v1_1790247818,adapter_v1_1790247818
TASK_8FC95909,True,True,True,4,2,1,adapter_v1_1790247818,adapter_v1_1790247818
TASK_02A5297E,True,True,True,1,1,1,adapter_v1_1790247818,adapter_v1_1790247818
TASK_E4D12ED6,True,True,True,1,1,1,adapter_v1_1790247818,adapter_v1_1790247818
TASK_26E9FDB3,True,True,True,1,1,1,adapter_v1_1790247818,adapter_v1_1790247818
TASK_0E25977A,True,True,False,1,1,0,adapter_v1_1790247818,adapter_v1_1790247818
TASK_D63646F1,True,True,True,1,1,1,adapter_v1_1790247818,adapter_v1_1790247818
TASK_71B9E063,True,True,True,4,2,1,adapter_v1_1790247818,adapter_v1_1790247818
TASK_ACCDEA61,True,True,True,1,1,1,adapter_v1_1790247818,adapter_v1_1790247818
TASK_29DC986C,True,True,True,1,1,1,adapter_v1_1790247818,adapter_v1_1790247818
TASK_8CAFAF3C,True,True,True,1,1,1,adapter_v1_1790247818,adapter_v1_1790247818
TASK_4FC2042B,True,True,False,1,1,0,adapter_v1_1790247818,adapter_v1_1790247818
TASK_37352093,True,True,True,1,1,1,adapter_v1_1790247818,adapter_v1_1790247818
TASK_2A60D1B1,True,True,True,4,2,1,adapter_v1_1790247818,adapter_v1_1790247818
TASK_B8A15ABC,True,True,True,1,1,1,adapter_v1_1790247818,adapter_v1_1790247818
TASK_4F646FFF,True,True,True,1,1,1,adapter_v1_1790247818,adapter_v1_1790247818
TASK_4DD4E728,True,True,True,1,1,1,adapter_v1_1790247818,adapter_v1_1790247818
TASK_43200D99,True,True,False,1,1,0,adapter_v1_1790247818,adapter_v1_1790247818
TASK_00487A65,True,True,True,1,1,1,adapter_v1_1790247818,adapter_v1_1790247818
TASK_64497C8C,True,True,True,3,2,1,adapter_v1_1790247818,adapter_v1_1790247818
TASK_B1315198,True,True,True,1,1,1,adapter_v1_1790247818,adapter_v1_1790247818
TASK_D027C3B7,True,True,True,1,1,1,adapter_v1_1790247818,adapter_v1_1790247818
TASK_F8BC87BE,True,True,True,1,1,1,adapter_v1_1790247818,adapter_v1_1790247818
TASK_21D2E862,True,True,False,1,1,0,adapter_v1_1790247818,adapter_v1_1790247818
TASK_7D2AAE3E,True,True,True,1,1,1,adapter_v1_1790247818,adapter_v1_1790247818
TASK_52F6CB07,True,True,True,4,2,1,adapter_v1_1790247818,adapter_v1_1790247818
TASK_F69F485C,True,True,True,1,1,1,adapter_v1_1790247818,adapter_v1_1790247818
TASK_3CA90906,True,True,True,2,2,2,,
TASK_46D3F670,True,True,True,1,1,1,,
TASK_DA87DDDF,True,True,True,1,1,1,adapter_v2_1790248884,adapter_v2_1790248884
TASK_0DB97680,True,True,True,4,2,1,adapter_v2_1790248884,adapter_v2_1790248884
TASK_DA1469C8,True,True,True,1,1,1,adapter_v2_1790248884,adapter_v2_1790248884
TASK_77C30EA5,True,True,False,1,1,0,adapter_v2_1790248884,adapter_v2_1790248884
TASK_9A262A5F,True,True,True,1,1,1,adapter_v2_1790248884,adapter_v2_1790248884
TASK_803EEF67,True,True,True,1,1,1,adapter_v2_1790248884,adapter_v2_1790248884
